content_type,title
example,AccessorMutatorDemo
example,arithmetic_v2
example,arraylist1_v2
example,arraylist2_v2
example,ArrayListTester
example,array_declaration_v2
example,Bank
example,BankAccountTester
example,Bicycle_v2
example,boolean_declaration_v2
example,boolean_expression_v2
example,boolean_operators_v2
example,CashRegisterConstantField
example,CashRegisterTester
example,comparison_operators_v2
example,CompoundAssignment
example,conditional_operators_v2
example,Constants_v2
example,constant_v2
example,ConstructorDemo
example,CopyDemo
example,CounterDemo
example,CreateObjectDemo_v2
example,CreateString_v2
example,create_2d_array_v2
example,decisions1_v2
example,Decision_If_v2
example,Decrement
example,do_while_v2
example,EnhancedForLoopDemo
example,exception_v2
example,for1_v2
example,GradeBook
example,HelloPrinter
example,HelloWorld2_v2
example,ifelse2_v2
example,imple_multi_v2
example,increment_v2
example,inheritance1_v2
example,inheritance_casting_1
example,inheritance_constructors_1
example,inheritance_polymorphism_1
example,inheritance_polymorphism_2
example,interfaceClassConversion
example,InterfacePolymorphism
example,JavaTutorial_4_1_3
example,JavaTutorial_4_1_5
example,JavaTutorial_4_2_2
example,JavaTutorial_4_2_5
example,JavaTutorial_4_2_6
example,JavaTutorial_4_2_7
example,JavaTutorial_4_2_8
example,JavaTutorial_4_2_9
example,JavaTutorial_4_3_2
example,JavaTutorial_4_3_4
example,JavaTutorial_4_3_5
example,JavaTutorial_4_3_6
example,JavaTutorial_4_4_2
example,JavaTutorial_4_4_3
example,JavaTutorial_4_6_12
example,JavaTutorial_4_6_14
example,JavaTutorial_4_6_5
example,JavaTutorial_4_6_6
example,JavaTutorial_4_6_7
example,JavaTutorial_4_6_8
example,JavaTutorial_4_6_9
example,JavaTutorial_4_7_2
example,JavaTutorial_4_7_4
example,JavaTutorial_4_7_5
example,JavaTutorial_4_7_6
example,JavaTutorial_4_7_7
example,JavaTutorial_4_7_8
example,jeg_interface1_v2
example,logical_operators_v2
example,MathFunction_v2
example,Measure
example,MethodDemo
example,nested_loops2_v2
example,nested_loops_v2
example,ObjectEquality
example,OperatorExample_v2
example,override_v2
example,OverridingObjectMethods
example,Point_v2
example,poly_v2
example,PrimitiveDataTypes_v2
example,PrintTester
example,Rectangle_v2
example,relational_operators_v2
example,simple_inheritance_1
example,stringEquals
example,StringExample_v2
example,StringsCharAt
example,StringsConcatenation
example,StringsEqualsIgnoreCase
example,StringsParse
example,StringsReplace
example,string_comparison_v2
example,string_length_v2
example,substring_v2
example,switch_v2
example,testNull
example,thisReference
example,TicTacToe
example,TypeCasting_v2
example,use_2darray_v2
example,use_array_v2
example,using_array_v2
example,VariableDemo
example,variables1_v2
example,variables2_v2
example,while_v2
example,wrapper_class_v2
question,1
question,11111
question,bbbb4
question,hihi
question,j2d_arrays1
question,j2d_arrays2
question,j2d_arrays3
question,j2d_arrays4
question,jarray1
question,jarray2
question,jarray3
question,jarray4
question,jarray5
question,jarraylist1
question,jarraylist2
question,jarraylist3
question,jarraylist4
question,jarraylist5
question,jbankaccount
question,jba_ques
question,jbooleanOperationsGreaterEqual
question,jbooleanOperationsLessEqual
question,jbooleanOperationsNot
question,jbooleanOperationsNotEqual
question,jbooleanOperationsOR
question,jboolean_method
question,jboolean_operator3
question,jboolean_operators1
question,jboolean_operators2
question,jboolean_var
question,jclass1
question,jClassBankAccountThis
question,jClassCashRegister
question,jclasses_constructor
question,jclasses_getter
question,jCompareString
question,jCompoundAssignment_mult
question,jConstants1
question,jConstants2
question,jConstants3
question,jConstants4
question,jConstants5
question,jDivision
question,jdouble1
question,jdowhile1
question,jdowhile2
question,jdowhile3
question,jdowhile4
question,jdowhile6
question,jdowhile8
question,jEarthquake
question,jEnhancedForLoop
question,jExceptions1
question,jExceptions2
question,jExceptions3
question,jExceptions4
question,jExceptions5
question,jfor1
question,jfor2
question,jfor3
question,jfor4
question,jfor5
question,jif_else1
question,jif_else2
question,jif_else3
question,jif_else4
question,jif_else5
question,jincrement
question,jInheritance1
question,jInheritance2
question,jInheritance3
question,jInheritance4
question,jInheritance5
question,jInheritance6
question,jinteger1
question,jInterfaces1
question,jInterfaces2
question,jInterfaces3
question,jInterfaces4
question,jInterfaces5
question,jint_long
question,jmath1
question,jmath2
question,jMathAbs
question,jMathCeil
question,jnested2
question,jnested3
question,jnested_loops1
question,jobject_rec1
question,jobject_rec2
question,jobject_string1
question,jobject_string2
question,jobject_translate
question,joperator1
question,jPostDecrement
question,jPostIncrement
question,jPreDecrement
question,jprintlnTest
question,jprint_var
question,jprint_var_express
question,jprint_var_express2
question,jpri_float
question,jpri_string1
question,jSimpleVariableTest
question,jstring1
question,jstring2
question,jstring3
question,jstring4
question,jstring5
question,jstring6
question,jStringConcat
question,jStringEqual
question,jStringReplace
question,jstring_double
question,jstring_int
question,jswitch1
question,jswitch2
question,jswitch3
question,jtestNull
question,jUsingDouble
question,jusingFloat
question,jvariable1
question,jVariable1_rev
question,jVariable4_rev
question,jvariables1
question,jvariables2
question,jwhile1
question,jwhile2
question,jwhile3
question,jwhile4
question,jwhile5
question,jwrapper_class1
question,jwrapper_class2
question,jwrapper_class3
question,jwrapper_class4
question,mrdf2
question,test
question,test03
question,Tester
question,Tester111
question,testertester
question,testing
question,testParam
question,testRDF
question,TestRec
question,testtest
question,testtesttest
question,v_1
question,v_2
question,v_3
question,yuntest
question,yuntest03
