example,rdfid
example,variables1_v2
example,variables2_v2
example,decisions1_v2
example,increment_v2
example,arithmetic_v2
example,comparison_operators_v2
example,conditional_operators_v2
example,relational_operators_v2
example,while_v2
example,do_while_v2
example,switch_v2
example,Bicycle_v2
example,CreateObjectDemo_v2
example,Point_v2
example,Rectangle_v2
example,HelloWorld2_v2
example,PrimitiveDataTypes_v2
example,StringExample_v2
example,Constants_v2
example,MathFunction_v2
example,OperatorExample_v2
example,TypeCasting_v2
example,CreateString_v2
example,boolean_declaration_v2
example,boolean_expression_v2
example,boolean_operators_v2
example,string_comparison_v2
example,substring_v2
example,string_length_v2
example,ifelse2_v2
example,Decision_If_v2
example,nested_loops_v2
example,nested_loops2_v2
example,array_declaration_v2
example,using_array_v2
example,use_array_v2
example,arraylist1_v2
example,arraylist2_v2
example,wrapper_class_v2
example,create_2d_array_v2
example,use_2darray_v2
example,jeg_interface1_v2
example,inheritance1_v2
example,override_v2
example,imple_multi_v2
example,for1_v2
example,static_method_v2
example,package_v2
example,import_pkg_v2
example,inner_v2
example,exception_v2
example,poly_v2
example,io1_v2
example,logical_operators_v2
example,constant_v2
example,JavaTutorial_4_1_3
example,JavaTutorial_4_1_5
example,JavaTutorial_4_1_8
example,JavaTutorial_4_2_2
example,JavaTutorial_4_2_5
example,JavaTutorial_4_2_6
example,JavaTutorial_4_2_7
example,JavaTutorial_4_2_8
example,JavaTutorial_4_2_9
example,JavaTutorial_4_3_2
example,JavaTutorial_4_3_4
example,JavaTutorial_4_3_5
example,JavaTutorial_4_3_6
example,JavaTutorial_4_4_2
example,JavaTutorial_4_4_3
example,JavaTutorial_4_4_4
example,JavaTutorial_4_6_5
example,JavaTutorial_4_6_6
example,JavaTutorial_4_6_7
example,JavaTutorial_4_6_8
example,JavaTutorial_4_6_12
example,JavaTutorial_4_6_14
example,JavaTutorial_4_6_9
example,JavaTutorial_4_7_2
example,JavaTutorial_4_7_4
example,JavaTutorial_4_7_5
example,JavaTutorial_4_7_6
example,JavaTutorial_4_7_7
example,JavaTutorial_4_7_8
question,jwhile1
question,jwhile2
question,jinteger1
question,jpri_string1
question,jwhile3
question,jwhile4
question,jdouble1
question,jclass1
question,jbankaccount
question,jba_ques
question,jdowhile1
question,jdowhile2
question,jdowhile3
question,jdowhile4
question,jdowhile6
question,jdowhile8
question,jfor1
question,jfor2
question,jfor3
question,jfor4
question,jfor5
question,jnested_loops1
question,jnested2
question,jif_else1
question,jif_else2
question,jif_else3
question,jif_else4
question,jif_else5
question,jvariable1
question,jswitch1
question,jstring1
question,jstring2
question,jarray1
question,jarray2
question,jarraylist1
question,jarraylist2
question,jwrapper_class1
question,j2d_arrays1
question,jarraylist3
question,jarray3
question,jnested3
question,jarray4
question,jstring3
question,jstring4
question,jstring5
question,j2d_arrays2
question,jarray5
question,jmath1
question,jmath2
question,joperator1
question,jincrement
question,jswitch2
question,j2d_arrays3
question,j2d_arrays4
question,jvariables1
question,jvariables2
question,jprint_var
question,jprint_var_express
question,jprint_var_express2
question,jobject_rec1
question,jobject_rec2
question,jobject_translate
question,jobject_string1
question,jobject_string2
question,jclasses_constructor
question,jint_long
question,jpri_float
question,jstring_int
question,jstring_double
question,jConstants1
question,jConstants2
question,jstring6
question,jswitch3
question,jboolean_var
question,jboolean_method
question,jboolean_operators1
question,jboolean_operators2
question,jboolean_operator3
question,jclasses_getter
question,jwhile5
question,jwrapper_class2
question,jwrapper_class3
question,jInheritance1
question,jInheritance2
question,jInheritance3
question,jInheritance4
question,jInheritance5
question,jInheritance6
question,jExceptions1
question,jExceptions2
question,jExceptions3
question,jExceptions4
question,jExceptions5
question,jInterfaces1
question,jInterfaces2
question,jInterfaces3
question,jInterfaces4
question,jInterfaces5
question,jConstants3
question,jConstants4
question,jConstants5
question,jwrapper_class4
question,jarraylist4
question,jarraylist5
