title,min(sline),max(eline)
arithmetic_v2,0,17
arraylist1_v2,0,7
arraylist2_v2,0,19
array_declaration_v2,0,4
Bicycle_v2,0,28
boolean_declaration_v2,0,5
boolean_expression_v2,0,6
boolean_operators_v2,0,9
comparison_operators_v2,0,8
conditional_operators_v2,0,5
Constants_v2,0,6
constant_v2,0,3
CreateObjectDemo_v2,0,13
CreateString_v2,0,6
create_2d_array_v2,0,4
decisions1_v2,0,17
Decision_If_v2,0,6
do_while_v2,0,6
exception_v2,0,14
for1_v2,0,3
HelloWorld2_v2,0,3
ifelse2_v2,0,8
imple_multi_v2,0,12
increment_v2,0,11
inheritance1_v2,0,0
inner_v2,0,9
io1_v2,0,10
JavaTutorial_4_1_3,0,10
JavaTutorial_4_1_5,0,11
JavaTutorial_4_1_8,0,7
JavaTutorial_4_2_2,0,11
JavaTutorial_4_2_5,0,7
JavaTutorial_4_2_6,0,9
JavaTutorial_4_2_7,0,14
JavaTutorial_4_2_8,0,14
JavaTutorial_4_2_9,0,14
JavaTutorial_4_3_2,0,17
JavaTutorial_4_3_4,0,14
JavaTutorial_4_3_5,0,20
JavaTutorial_4_3_6,0,15
JavaTutorial_4_4_2,0,9
JavaTutorial_4_4_3,0,6
JavaTutorial_4_4_4,0,25
JavaTutorial_4_6_12,0,12
JavaTutorial_4_6_14,0,20
JavaTutorial_4_6_5,0,4
JavaTutorial_4_6_6,0,8
JavaTutorial_4_6_7,0,3
JavaTutorial_4_6_8,0,3
JavaTutorial_4_6_9,0,9
JavaTutorial_4_7_2,0,14
JavaTutorial_4_7_4,0,15
JavaTutorial_4_7_5,0,8
JavaTutorial_4_7_6,0,4
JavaTutorial_4_7_7,0,13
JavaTutorial_4_7_8,0,9
jeg_interface1_v2,0,13
logical_operators_v2,0,4
MathFunction_v2,0,8
nested_loops2_v2,0,9
nested_loops_v2,0,9
OperatorExample_v2,0,8
override_v2,0,8
package_v2,0,0
Point_v2,0,6
poly_v2,0,22
PrimitiveDataTypes_v2,0,11
Rectangle_v2,0,31
relational_operators_v2,0,8
static_method_v2,0,10
StringExample_v2,0,8
string_comparison_v2,0,14
string_length_v2,0,5
substring_v2,0,5
switch_v2,0,9
TypeCasting_v2,0,7
use_2darray_v2,0,3
use_array_v2,0,6
using_array_v2,0,6
variables1_v2,0,6
variables2_v2,0,7
while_v2,0,6
wrapper_class_v2,0,8
j2d_arrays1,0,10
j2d_arrays2,0,10
j2d_arrays3,0,16
j2d_arrays4,0,13
jarray1,0,9
jarray2,0,7
jarray3,0,68
jarray4,0,6
jarray5,0,52
jarraylist1,0,86
jarraylist2,0,18
jarraylist3,0,86
jarraylist4,0,86
jarraylist5,0,86
jbankaccount,0,52
jba_ques,0,52
jboolean_method,0,9
jboolean_operator3,0,3
jboolean_operators1,0,5
jboolean_operators2,0,52
jboolean_var,0,5
jclass1,0,52
jclasses_constructor,0,45
jclasses_getter,0,29
jConstants1,0,5
jConstants2,0,5
jConstants3,0,3
jConstants4,0,68
jConstants5,0,68
jdouble1,0,4
jdowhile1,0,7
jdowhile2,0,7
jdowhile3,0,6
jdowhile4,0,52
jdowhile6,0,8
jdowhile8,0,16
jExceptions1,0,68
jExceptions2,0,68
jExceptions3,0,68
jExceptions4,0,23
jExceptions5,0,23
jfor1,0,5
jfor2,0,5
jfor3,0,5
jfor4,0,52
jfor5,0,69
jif_else1,0,5
jif_else2,0,52
jif_else3,0,52
jif_else4,0,52
jif_else5,0,15
jincrement,0,4
jInheritance1,0,35
jInheritance2,0,35
jInheritance3,0,35
jInheritance4,0,35
jInheritance5,0,35
jInheritance6,0,35
jinteger1,0,3
jInterfaces1,0,64
jInterfaces2,0,64
jInterfaces3,0,64
jInterfaces4,0,64
jInterfaces5,0,64
jint_long,0,4
jmath1,0,3
jmath2,0,3
jnested2,0,7
jnested3,0,52
jnested_loops1,0,8
jobject_rec1,0,4
jobject_rec2,0,7
jobject_string1,0,4
jobject_string2,0,3
jobject_translate,0,5
joperator1,0,3
jprint_var,0,3
jprint_var_express,0,4
jprint_var_express2,0,3
jpri_float,0,3
jpri_string1,0,2
jstring1,0,4
jstring2,0,8
jstring3,0,4
jstring4,0,4
jstring5,0,4
jstring6,0,2
jstring_double,0,4
jstring_int,0,4
jswitch1,0,21
jswitch2,0,16
jswitch3,0,18
jvariable1,0,4
jvariables1,0,4
jvariables2,0,4
jwhile1,0,5
jwhile2,0,5
jwhile3,0,10
jwhile4,0,9
jwhile5,0,69
jwrapper_class1,0,6
jwrapper_class2,0,10
jwrapper_class3,0,17
jwrapper_class4,0,86
